Title,Price ($),Rating,Brand
Hasbro,8.99,4.7,Hasbro
Hasbro Gaming,9.84,4.8,Hasbro
Marvel,99.99,N/A,Hasbro
G.I. Joe,44.99,N/A,Hasbro
Hasbro Gaming,12.99,4.8,Hasbro
"Hasbro Twister Party Classic Board Game for 2 or More Players,Indoor and Outdoor Game for Kids 6 and Up,Packaging May Vary",14.97,4.7,Hasbro
Hasbro Gaming,12.75,4.8,Hasbro
Jenga Game | The Original Wood Block Game with Genuine Hardwood Blocks | Stacking Tower Game | Ages 6+ | 1 or More Players | Party Games for Kids | Family Games,11.99,4.8,Hasbro
Hasbro Gaming,16.99,4.6,Hasbro
Hasbro Gaming,17.99,4.8,Hasbro
Hasbro Gaming,11.99,4.8,Hasbro
Hasbro Gaming,19.80,4.6,Hasbro
Hasbro Gaming Jenga Wooden Blocks Stacking Tumbling Tower Game | Party Games for Kids & Families | Easter Basket Stuffers | Ages 6+ (Amazon Exclusive),16.99,4.8,Hasbro
Hasbro Gaming,16.99,4.7,Hasbro
Hasbro Gaming,24.99,4.5,Hasbro
Hasbro Gaming,17.99,4.8,Hasbro
Hasbro Gaming,16.98,4.3,Hasbro
Hasbro Gaming,7.84,4.8,Hasbro
JOY FOR ALL,71.49,4.4,Hasbro
Mattel Games,24.99,4.7,Hasbro
"Hasbro Gaming Bop It! Electronic Game for Kids Ages 8 and up, Kids Games for 1 or More Players, Board Games for Kids, Kids Gifts",15.97,4.8,Hasbro
"Sorry! Kids Board Game, Family Board Games for Kids and Adults, 2 to 4 Players, Family Games, Kids Games, Ages 6 and Up",7.49,4.8,Hasbro
Hasbro Gaming,16.99,4.7,Hasbro
"Nex Playground - The Active Play System for Kids & Families where Indoor Physical Activity Meets Interactive Family Fun and Is Great for Gaming Nights, Parties and Playdates",199.00,4.7,Hasbro
"Ticket to Ride Europe Board Game - Embark on a Railway Adventure Across the Continent! Fun Family Strategy Game for Kids & Adults, Ages 8+, 2-5 Players, 30-60 Min Playtime, Made by Days of Wonder",49.99,4.8,Hasbro
Hasbro Gaming,21.44,4.7,Hasbro
Hasbro Gaming,11.99,4.6,Hasbro
Hasbro Gaming,17.59,4.4,Hasbro
Gskyer,86.97,4.2,Hasbro
"Fort Building Kit for Kids,STEM Construction Toys, Christmas & Birthday Gift for 4 5 6 7 8 9 10 11 12 Years Old Boys and Girls,Ultimate Creative Set for Indoor & Outdoors Activity,140 Pcs,Original",45.99,4.4,Hasbro
Hasbro Gaming,24.99,4.6,Hasbro
Hasbro Gaming,23.99,4.6,Hasbro
Hasbro Gaming,12.99,4.8,Hasbro
Easter Basket Stuffers Transformable Fidget Spinners 4 Pcs for Kids and Adults Stress Relief Sensory Toys for Boys and Girls Fingertip Gyros for Party Favors Stocking Stuffers Bulk for Kids,9.99,4.6,Hasbro
Hasbro Gaming,17.99,4.7,Hasbro
Hasbro Gaming,13.99,4.8,Hasbro
Hasbro Gaming,N/A,4.7,Hasbro
Hasbro Gaming,27.99,4.6,Hasbro
Hasbro Gaming,14.99,4.8,Hasbro
SUSSED,12.99,4.5,Hasbro
"Arkham Horror 3rd Edition , Mystery /Strategy Game | Cooperative Board Game for Adults and Family| Ages 14+ | 1-6 Players | Average Playtime 2-3 Hours | Made by Fantasy Flight Games",63.99,4.7,Hasbro
BATTLESHIP,16.84,4.8,Hasbro
Hasbro Gaming,19.68,4.7,Hasbro
Hasbro Gaming,14.99,4.8,Hasbro
GiiKER,39.99,4.7,Hasbro
"Tic Tac Toe Bolt Game 4-in-1 Handheld Portable Electronic Toy, Educational Board Games Puzzle for Kids and Adults, Perfect for Travel, Road Trips, and Birthday Gifts - Fun Memory Game",23.99,4.8,Hasbro
Hasbro Gaming,16.99,4.6,Hasbro
Hasbro Gaming,N/A,4.7,Hasbro
Hasbro Gaming,21.99,4.7,Hasbro
JMBricklayer,69.95,4.2,Hasbro
"Gesture Sensing RC Stunt Car, Rotating Rechargeable Transform Car Toys, with Lights Music Spray, 360Â° 4WD Remote Control Twist Cars, Birthday Gifts for Kids Boys Girls 6-8-12, Best Gift for Kids 5-7",39.99,4.6,Hasbro
Hasbro Gaming,22.99,4.5,Hasbro
Hasbro Gaming Jenga Wooden Blocks Stacking Tumbling Tower Game | Party Games for Kids & Families | Easter Basket Stuffers | Ages 6+ (Amazon Exclusive),16.99,4.8,Hasbro
Hasbro Gaming,9.84,4.7,Hasbro
"The Lord of the Rings Strategy Board Game - Cooperative Adventure for 1-5 Players, Ages 14+, 60+ Minute Playtime by Fantasy Flight Games",103.83,4.7,Hasbro
Hasbro Gaming,9.84,4.5,Hasbro
"Hasbro Ants in The Pants Preschool Game for Kids Ages 3+, Fun Board Game for 2-4 Players",11.69,4.4,Hasbro
Hasbro Gaming,17.95,4.7,Hasbro
Hasbro Gaming,10.99,4.2,Hasbro
Hasbro Gaming,14.99,4.6,Hasbro
Tecnock,17.99,4.5,Hasbro
Hasbro,24.99,4.6,Hasbro
Hasbro,29.88,4.6,Hasbro
"The Game of Life Game, Family Board Game for 2-4 Players, Indoor Game for Kids Ages 8 and Up, Pegs Come in 6 Colors",17.29,4.7,Hasbro
"Dinosaur Toys, 252 PCS Create A Dinosaur World Road Race Tracks, Flexible Track Playset, 2pcs Dinosaur Car for 3 4 5 6 Year Old Boys Girls Birthday Party Favor Gift",23.99,4.5,Hasbro
Fantasy Flight Games,44.99,4.9,Hasbro
Hasbro,24.90,4.6,Hasbro
Hasbro The Game of Life Goals Card Game - Quick-Playing Family Game for 2-4 Players Ages 8 and Up,5.19,4.5,Hasbro
Transformers,24.69,4.6,Hasbro
"Shooting Games Toys for Age 5 6 7 8 9 10+ Year Old Boys, Kids Toy Sports & Outdoor Game with Moving Shooting Target & 2 Popper Air Toy Guns & 24 Foam Balls, Gifts for Boys and Girls",39.99,4.1,Hasbro
Brybelly,29.99,4.6,Hasbro
Hasbro Gaming,23.99,4.7,Hasbro
Hasbro Gaming,17.96,4.6,Hasbro
Hasbro Gaming,16.99,4.7,Hasbro
"Six Second Scribbles USA: The frantically Fast, fantastically Fun Drawing Game | A Family Friendly Party Game for Kids, Teens and Adults",17.99,4.6,Hasbro
Hasbro Gaming,44.99,4.6,Hasbro
Hasbro Gaming,16.99,4.7,Hasbro
Hasbro Gaming,21.99,4.8,Hasbro
Hasbro Gaming,46.99,4.8,Hasbro
Hasbro Gaming,15.59,4.8,Hasbro
YEIBOBO !,29.99,4.5,Hasbro
"Ticket to Ride Rails & Sails Board Game - Train Route-Building Strategy Game, Fun Family Game for Kids & Adults, Ages 10+, 2-5 Players, 90-120 Minute Playtime, Made by Days of Wonder",89.99,4.9,Hasbro
"5 Alive Card Game, Fast-Paced Game for Kids and Families, Easy to Learn, Fun Family Game for Ages 8 and Up, Card Game for 2 to 6 Players",5.59,4.7,Hasbro
Hasbro Gaming,16.77,4.8,Hasbro
Monopoly Harry Potter Edition Board Game | A Magical Adventure at Hogwarts | Ages 8 and Up | 2 to 6 Players | Family Games | Gifts for Kids and Adults,21.28,4.8,Hasbro
"Sensory Floor Lava Tiles: Sensory Liquid Tiles Colorful Liquid Fusion Activity Play Mat, Textured Sensory Lava Tiles for Ages 3 to Adults, Square (Yellow Red) 11.8"" X 11.8"" Set of 1",21.99,4.3,Hasbro
"Kids Joke Talking Button with 100+ Silly Jokes | Funny Joke Gift For Kids with Over 100 Family Friendly Jokes For Kids That The Whole Family Will Enjoy, Get Your Kids Joke Button Today",12.99,4.6,Hasbro
"Hungry Hungry Hippos Game for Preschoolers | Instant Marble Relaunch, Easy Set-Up & Storage| Ages 4 and Up | 2 to 4 Players | Kids Games",17.00,4.7,Hasbro
Hasbro Gaming,20.65,4.5,Hasbro
Hasbro Gaming,16.33,4.7,Hasbro
Kids Against Maturity,14.99,4.6,Hasbro
Gemmicc,29.30,4.8,Hasbro
"Operation Electronic Board Game, Family Games for Kids Ages 6+, Kids Board Games for 1+ Players, Funny Games for Kids, Kids Gifts (Amazon Exclusive)",19.99,4.7,Hasbro
Hasbro Gaming,19.80,4.6,Hasbro
Hasbro Gaming,24.99,4.8,Hasbro
Coogam,21.99,4.4,Hasbro
Monopoly,9.99,4.9,Hasbro
"Play-Doh 9 Pack Favorite Color Set, Assorted Colors, 2 & 4 Ounce Modeling Compound Cans, Kids Arts & Crafts, Preschool Toys for 2 Year Old Girls & Boys & Up (Amazon Exclusive)",9.99,4.8,Hasbro
Hasbro Gaming,21.99,4.8,Hasbro
Hasbro Gaming,91.41,4.9,Hasbro
Hasbro Gaming,13.99,4.7,Hasbro
TETON ELECTRONICS,24.99,4.8,Hasbro
Yu-Gi-Oh! Early Days Collection Nintendo Switch,49.90,4.2,Hasbro
Hasbro,10.26,4.2,Hasbro
Hasbro Gaming,11.99,4.8,Hasbro
RISK,29.99,4.7,Hasbro
Pandemic Legacy Season 1 Blue Edition Board Game for Adults and Family | Cooperative Board Game | Ages 13+ | 2 to 4 players | Average Playtime 60 minutes | Made by Z-Man Games,65.63,4.8,Hasbro
Allewie,139.96,4.4,Hasbro
Hasbro,10.99,4.6,Hasbro
"Spidey and his Amazing Friends Marvel Hero Reveal Multipack with Mask-Flip Feature, 4-Inch Action Figure Toys, Kids 3+ (Amazon Exclusive)",24.60,4.7,Hasbro
BEYBLADE,19.99,4.8,Hasbro
"Ticket to Ride Legacy: Legends of The West Board Game - The Ultimate Train Adventure! Strategy Game, Family Game for Kids & Adults, Ages 10+, 2-5 Players, 20-90 Min Playtime, Made by Days of Wonder",118.44,4.9,Hasbro
"Soursop Graviola Liquid Drops Supplement with Sea Moss Extract, Soursop Bitters Liquid for Cell Support & Regeneration, Immunity, Liver, Antioxidant, Graviola Leaves Extract 2 Month Supply 60ML",22.99,4.6,Hasbro
Hasbro Marvel Avengers Series Marvel Assemble Titan Hero Iron Man 12' Action Figure,11.93,4.6,Hasbro
Hasbro Gaming,23.84,4.5,Hasbro
Hasbro Gaming,24.99,4.7,Hasbro
CATAN,58.10,3.7,Hasbro
Marvel,35.99,4.7,Hasbro
Hasbro HSBF7697 Perfection Refresh Playing Game,19.79,4.7,Hasbro
Hasbro,15.34,4.6,Hasbro
Hasbro,16.99,4.5,Hasbro
Hasbro Gaming,24.95,4.7,Hasbro
